window,AR,Vol,Sharpe,MDD,WinRate
3,-0.14109136124889635,0.21176994854563214,-0.666248267130754,-0.3784301742620698,0.45610278372591007
5,-0.3077880056424938,0.21251598787785791,-1.448305177958624,-0.4923152812855571,0.443010752688172
10,-0.03640387932783093,0.21729048966951217,-0.1675355390988321,-0.29173458570189736,0.45652173913043476
15,-0.0666825498373869,0.219484700929536,-0.30381411348937193,-0.28953742707317065,0.4945054945054945
20,0.11319888533571969,0.21764519192945406,0.5201074479624211,-0.2668147908451267,0.52
30,0.07172643321705566,0.23401716871708586,0.3065007307381325,-0.2857461814097282,0.49318181818181817
45,0.13722079365601839,0.23252422226461164,0.5901354805946267,-0.18874926219062294,0.5011764705882353
60,0.10601775369186164,0.22197144654750478,0.47761887999938074,-0.27566808134089826,0.4853658536585366
