year,Jan,Feb,Mar,Apr,May,Jun,Jul,Aug,Sep,Oct,Nov,Dec
2020,,,,,,0.004751330947883936,-0.004643187395719006,0.06250509272423188,-0.053346182218308336,-0.046368100067813,-0.0110915948000877,0.01516789527867779
2021,0.026829653994347558,0.05401645942247635,0.04213888692892831,-0.02262196963229579,0.004227623057151408,0.058973385782244314,0.06375217035195369,0.055490633734114336,0.0008197331187438373,0.0930364419545131,0.11746120716345354,-0.05972340731899206
2022,-0.025607934867488358,-0.04714034359602681,-0.033426137043940485,-0.00837075874908888,-0.06035470201697357,0.0012138274170743202,-0.050140428642414525,-0.008538248300160811,0.04834883693578118,0.04176311509774866,-0.02743174648864999,0.041637805768926395
2023,-0.0332514534153493,-0.014016070717560725,-0.004116853864301606,-0.0010443002767371867,0.1282032009813756,-0.002210408792933438,0.004695020445603992,0.01987447844962187,-0.08306794403956463,0.002178448886650086,-0.027590369305236728,-0.005729430217823905
2024,-0.005405465808667853,0.01520751688709887,0.0030312040616828906,0.053080811237355086,0.05125500523337956,-0.015388275428582565,-0.010522358808470744,0.087922060989013,-0.04709737766938771,0.06621145526863237,0.006231038316467652,0.07119376400850808
2025,-0.0359367606949923,-0.03649661504505286,0.06694973299785567,-0.0930853239183016,-0.005567407712614769,-0.017924705461289436,0.09840914284215563,-0.10407923917874384,-0.02611773955114738,0.041049272850089524,-0.008002992440595658,0.003684124377831166
2026,0.18369897263284352,0.023523892539676128,,,,,,,,,,
