year,Jan,Feb,Mar,Apr,May,Jun,Jul,Aug,Sep,Oct,Nov,Dec
2020,,,,,,0.004335480926157542,-0.0058121787492445565,0.06108552429736802,-0.05481932323808303,-0.04801626669226966,-0.01234072637817818,0.0141851370795949
2021,0.02501619806931421,0.05273773259862713,0.040104489996844794,-0.024080643832503856,0.0023700672689010993,0.0565721658043874,0.06224252534195451,0.05367813526715404,-0.0001991852503917535,0.09149097577075649,0.11604126314309093,-0.060607389210357465
2022,-0.02712348883508331,-0.04877654994644398,-0.036070636854724225,-0.009355790905393957,-0.062269935685547506,-0.000526696983418673,-0.05200119452593677,-0.010566947531877702,0.04681552426998592,0.040768349445687635,-0.028193764062077853,0.04064513334411202
2023,-0.03481499613087369,-0.01562701480298989,-0.005597061473764042,-0.002889947141365923,0.1251085525589175,-0.0029891369379975163,0.00416547241651255,0.017548516625605304,-0.08552857378188727,0.0003311223789728146,-0.029325834400223627,-0.007642818422396336
2024,-0.007858897995971281,0.013366078966417838,0.002024654855340202,0.05189640692694719,0.05025862340525489,-0.0168654923241498,-0.011376832048102359,0.08555175075530697,-0.048027087877166696,0.06387353666966678,0.005313153608113463,0.07010349444538178
2025,-0.0370015729223766,-0.03782187240128465,0.06567281695536709,-0.09531164601653863,-0.007740513777833913,-0.019207639031928014,0.0966308547332917,-0.10485730977731,-0.02713237575597882,0.03998903322157643,-0.008634736964295175,0.0020186287122538893
2026,0.18186346646583162,0.023207105790545635,,,,,,,,,,
