year,Jan,Feb,Mar,Apr,May,Jun,Jul,Aug,Sep,Oct,Nov,Dec
2024,,,,,,-0.03876495210629316,-0.011175147690990928,0.09339268018578495,-0.04485139015044726,0.06552277396884443,0.006150418984004702,0.07159878598640002
2025,-0.03608095090546126,-0.036435205826604755,0.06690163178929032,-0.09320248441183066,-0.005581258365507713,-0.017912930960464757,0.09841722747625292,-0.10409046196197458,-0.02611672409846577,0.04104731199486,-0.00800356607465691,0.003684253592934672
2026,0.18369977025630146,0.023523837608228515,,,,,,,,,,
