year,Jan,Feb,Mar,Apr,May,Jun,Jul,Aug,Sep,Oct,Nov,Dec
2020,,,,,,0.004335459626829241,-0.005811886268384359,0.06108558010884235,-0.05481912304535308,-0.048016166666608684,-0.012341009900508904,0.01418533814057521
2021,0.025016355551087388,0.052737839123599306,0.04010427415968021,-0.024080668488406287,0.0023702990849234773,0.05657243646487542,0.06224239842630519,0.05367826729459635,-0.00019935907918144924,0.09149160869053463,0.11604141950934732,-0.06060748241466751
2022,-0.027123230483791283,-0.04877660480962254,-0.03607065444759716,-0.009355868335415352,-0.06226993142494108,-0.000526354319879796,-0.05200112943364654,-0.010566305730166592,0.04681551934266737,0.04076866375072119,-0.02819370838737356,0.04064532105105956
2023,-0.03481547758493597,-0.01562675831036231,-0.005596973056602894,-0.0028898226760256662,0.12510837373810468,-0.002989186536338617,0.004165494358494559,0.0175485079600326,-0.08552855180704366,0.00033070169846749486,-0.029325689005183397,-0.007642814685390409
2024,-0.007858853674275856,0.013366309721137615,0.0020245821214803783,0.051896500708034976,0.05025833673206459,-0.016865589914692558,-0.011376694394922948,0.08555172196829974,-0.04802721828883061,0.0638735478029675,0.005313101512702367,0.07010356502269088
2025,-0.0370015887369628,-0.03782179890128534,0.0656727936703303,-0.09531155936340907,-0.007740483209302651,-0.019207812353282394,0.09663081333395818,-0.10485735238005,-0.02713237125396184,0.03998903150844235,-0.008634738879633397,0.002018628402187028
2026,0.1818634670248256,0.012107825005788442,,,,,,,,,,
