Model,IC,ICIR,RankIC,RankICIR,IC_pos_pct,N
RandomForest,-0.05575553188931712,-0.16152038472898766,-0.042303375636708974,-0.12470305991857152,0.4365079365079365,1134
GradientBoosting,-0.03760917552026285,-0.11028270400394825,-0.03290991152391698,-0.09921241328314498,0.4559082892416226,1134
