Model,IC,ICIR,RankIC,RankICIR,IC_pos_pct,N
RandomForest,-0.0558139285705203,-0.16147858406915377,-0.04259320925987593,-0.12541118340671856,0.4347442680776014,1134
GradientBoosting,-0.03605564892520056,-0.10593043175908119,-0.030315147463681528,-0.09189260378072503,0.4576719576719577,1134
