Model,IC,ICIR,RankIC,RankICIR,IC_pos_pct,N
RandomForest,-0.05582175674655877,-0.16163093761463138,-0.04279670946337613,-0.12624294797049915,0.43738977072310403,1134
GradientBoosting,-0.037015582775775525,-0.10859778154358304,-0.03302895641270592,-0.0995269339286766,0.4532627865961199,1134
