Model,IC,ICIR,RankIC,RankICIR,IC_pos_pct,N
RandomForest,-0.013895951199288943,-0.03915833724718348,-0.021534021534021525,-0.06328684813070069,0.5158730158730159,126
GradientBoosting,-0.009003704752283013,-0.029595813513941124,-0.002962491782894527,-0.009476598258142321,0.5079365079365079,126
