year,Jan,Feb,Mar,Apr,May,Jun,Jul,Aug,Sep,Oct,Nov,Dec
2020,,,,,,,0.10010440446417013,0.04699878384999612,0.02958533235078442,0.0021857347325209275,0.014502825367436856,0.0075787568867897726
2021,0.0,-0.007666362287036654,0.0531835933865914,0.0523537614285523,0.0,-0.03873440446317633,0.004000405532723406,-0.016617537986954867,-0.05370219344352278,-0.04845850242532612,0.07942715783440324,0.0
2022,0.0035887433581347494,-0.012461453643038523,0.06792985748494029,0.0,0.0,-0.05421374319343675,0.060427706210643084,-0.04360204773615506,0.04185160923194742,-0.000999829042481637,0.04045790355890744,0.0019829019614663324
2023,-0.01979838495008479,0.05182290245566312,0.0,0.029421986217575524,-0.15951307732234254,0.012765677899738703,0.00842799623619439,-0.015491748645431902,0.023356851960309566,-0.002103225128922248,-0.005687063219365185,-0.018410143649459032
2024,0.05154575180464538,0.0,0.022032499256296356,-0.026218778195429615,-0.08338103952321108,0.019017600309148674,0.03505544313897402,0.0,0.013734544768850165,-0.07309577613049967,-0.08410938097693932,-0.10469932000415305
2025,0.042771521239141075,0.06083004048955898,-0.029466463528129094,-0.01132260271902974,0.021405137697814824,0.07968490599024691,0.0,0.0,0.0,0.053253028682366255,0.06140772040912057,0.07775766713142596
2026,0.0,0.023932058789379873,,,,,,,,,,
