year,Jan,Feb,Mar,Apr,May,Jun,Jul,Aug,Sep,Oct,Nov,Dec
2020,,,,,,,0.10010439062727161,0.04699840603312677,0.02958546617825686,0.002185649040653548,0.014502871832836828,0.007578722889322043
2021,0.0,-0.007666695332961715,0.05318393303647073,0.052353467317250546,0.0,-0.03873438507804705,0.00400050390585438,-0.01661764837760049,-0.05370230102609819,-0.04845852537781126,0.07942723150794118,0.0
2022,0.0035887577489734923,-0.012461439561603282,0.06792991764012846,0.0,0.0,-0.05421401322579111,0.060427904720986136,-0.04360211509169243,0.04185170399621341,-0.0009999209007512944,0.04045799041444598,0.0019827248064332448
2023,-0.019798327926780823,0.05182294203566462,0.0,0.02942212137529343,-0.1595130379221703,0.012765548297518414,0.008427877589753496,-0.015491697233214419,0.02335698934331054,-0.0021033399989525137,-0.005687029688494549,-0.01841003801098917
2024,0.05154557727117104,0.0,0.022032584231070684,-0.026218707120827967,-0.08338109829313112,0.019017596584031127,0.03505529811926533,0.0,0.013734640389293507,-0.07309581757975459,-0.08410934400062453,-0.10469931709650371
2025,0.04277149300294414,0.060830096210615414,-0.02946651173441639,-0.011322590405530186,0.021405250807360332,0.07968473121991981,0.0,0.0,0.0,0.053253028682366255,0.06140772040912057,0.07775766713142596
2026,0.0,0.02502044834757533,,,,,,,,,,
