year,Jan,Feb,Mar,Apr,May,Jun,Jul,Aug,Sep,Oct,Nov,Dec
2024,,,,,,0.009635509352924787,0.06952572766875798,0.0,0.0,0.02939485674030018,-0.027399685294197673,-0.021047291018634007
2025,0.05711954968538002,0.0,0.06891402070175157,0.05713469775111557,0.0,0.0,-0.10900314108766918,0.06760025754608967,-0.08142391215648315,-0.09839367441812141,0.0895210463881424,0.03366061083189997
2026,-0.0035407606013196924,-0.015336191707046698,,,,,,,,,,
