year,Jan,Feb,Mar,Apr,May,Jun,Jul,Aug,Sep,Oct,Nov,Dec
2020,,,,,,,0.10032599390567665,0.04720832287036325,0.029585342499481415,0.002385732956343478,0.014502927315528158,0.0075787253730046356
2021,0.0,-0.007467790129292218,0.05339570478763633,0.05235388611088987,0.0,-0.038541705576201735,0.004000440170756736,-0.016617637343428027,-0.05370222329123964,-0.04845860767589527,0.0794273882546761,0.0
2022,0.0037911484558967867,-0.01246145178425917,0.06792986013124369,0.0,0.0,-0.05402280974002949,0.06042781457693969,-0.043602238790525494,0.041851693103540866,-0.0008006863564805622,0.040457876188471964,0.0021831955767375177
2023,-0.01979809182217873,0.05182287226905835,0.0,0.0296263630215865,-0.1593431154414101,0.012765677261484587,0.008427954897126444,-0.015491731340012138,0.02335685389754638,-0.0019034584451057546,-0.0056869497365479305,-0.018410011557867145
2024,0.05154563191286776,0.0,0.02223881790888882,-0.026218767453376368,-0.08338103989264067,0.019017804760219637,0.03505526209212517,0.0,0.01393608825014625,-0.07309586895450737,-0.0841093309934664,-0.10469932791302472
2025,0.042771461569715896,0.06083008281146385,-0.029275448039067564,-0.01132264881769196,0.021405283587110358,0.07968476075158182,0.0,0.0,0.0,0.053463526703283915,0.061618847647185726,0.0779711437463908
2026,0.0,0.024138470419170943,,,,,,,,,,
